file,rows,final_step,final_sim_time,final_reward,final_total_waiting,final_vehicle_count,final_avg_travel_time,final_eval_wait_only_reward,final_avg_waiting,final_final_waiting,final_decision_step,final_time,final_action,final_phase_id,final_state_north_bucket,final_state_east_bucket,final_state_south_bucket,final_state_west_bucket,final_episode,final_total_reward,final_mean_reward_per_decision,final_final_avg_travel_time,final_epsilon,final_state_phase_bucket,final_state_north_count,final_state_east_count,final_state_south_count,final_state_west_count,final_state_phase,final_num_decisions,final_run,final_mean_total_reward,final_mean_final_waiting,final_mean_avg_waiting,final_mean_avg_travel_time,final_baseline_mean_total_reward,final_baseline_mean_final_waiting,final_baseline_mean_avg_waiting,final_baseline_mean_avg_travel_time
results/baseline/fixed_ep1.csv,40,39.0,200.0,-52.2,36.0,212.0,58.922916666666666,,,,,,,,,,,,,,,,,,,,,,,,,,,,,,,,
results/baseline/fixed_ep2.csv,40,39.0,200.0,-52.2,36.0,212.0,58.922916666666666,,,,,,,,,,,,,,,,,,,,,,,,,,,,,,,,
results/baseline/fixed_ep3.csv,40,39.0,200.0,-52.2,36.0,212.0,58.922916666666666,,,,,,,,,,,,,,,,,,,,,,,,,,,,,,,,
results/baseline/fixed_ep4.csv,40,39.0,200.0,-52.2,36.0,212.0,58.922916666666666,,,,,,,,,,,,,,,,,,,,,,,,,,,,,,,,
results/baseline/fixed_ep5.csv,40,39.0,200.0,-52.2,36.0,212.0,58.922916666666666,,,,,,,,,,,,,,,,,,,,,,,,,,,,,,,,
results/baseline/random_ep1.csv,40,39.0,200.0,-58.400000000000006,45.0,214.0,61.045833333333334,,,,,,,,,,,,,,,,,,,,,,,,,,,,,,,,
results/baseline/random_ep2.csv,40,39.0,200.0,-61.900000000000006,45.0,239.0,63.7875,,,,,,,,,,,,,,,,,,,,,,,,,,,,,,,,
results/baseline/random_ep3.csv,40,39.0,200.0,-56.0,35.0,230.0,60.96875,,,,,,,,,,,,,,,,,,,,,,,,,,,,,,,,
results/baseline/random_ep4.csv,40,39.0,200.0,-59.8,42.0,228.0,59.358333333333334,,,,,,,,,,,,,,,,,,,,,,,,,,,,,,,,
results/baseline/random_ep5.csv,40,39.0,200.0,-56.7,39.0,227.0,57.7875,,,,,,,,,,,,,,,,,,,,,,,,,,,,,,,,
results/hangzhou_1x1_bc-tyc_18041607_1h/hangzhou_comparison/comparison_single_run.csv,17,,,,,,74.6358988011127,-2315.0,16.07638888888889,25.0,,,,,,,,,,,,,,,,,,,,,,,,,,,,,
results/hangzhou_1x1_bc-tyc_18041607_1h/q_learning_bucketed_no_phase_default_reward/q_learning_trace.csv,144,,,-58.0,58.0,63.0,85.06389776357827,,,,143.0,720.0,2.0,3.0,0.0,4.0,4.0,3.0,,,,,,,,,,,,,,,,,,,,,
results/hangzhou_1x1_bc-tyc_18041607_1h/q_learning_bucketed_no_phase_default_reward/q_learning_training.csv,2000,,,,,,,,5.131944444444445,18.0,,,,,,,,,2000.0,-739.0,-5.131944444444445,70.6773162939297,0.05,,,,,,,,,,,,,,,,
results/hangzhou_1x1_bc-tyc_18041607_1h/q_learning_bucketed_no_phase_delta_wait/training.csv,2000,,,,,,,,,7.0,,,,,,,,,2000.0,-7.0,,67.3738019169329,0.05,,,,,,,,,,,,,,,,
results/hangzhou_1x1_bc-tyc_18041607_1h/q_learning_bucketed_no_phase_wait_small_vehicle/q_learning_trace.csv,144,,,-23.3,21.0,46.0,72.91693290734824,,,,143.0,720.0,7.0,8.0,0.0,2.0,0.0,4.0,,,,,,,,,,,,,,,,,,,,,
results/hangzhou_1x1_bc-tyc_18041607_1h/q_learning_bucketed_no_phase_wait_small_vehicle/q_learning_training.csv,2000,,,,,,,,7.729166666666667,21.0,,,,,,,,,2000.0,-1350.15,-9.376041666666667,76.17252396166134,0.05,,,,,,,,,,,,,,,,
results/hangzhou_1x1_bc-tyc_18041607_1h/q_learning_bucketed_no_phase_wait_vehicle/q_learning_trace.csv,144,,,-85.2,77.0,82.0,92.47284345047925,,,,143.0,720.0,2.0,3.0,2.0,4.0,4.0,3.0,,,,,,,,,,,,,,,,,,,,,
results/hangzhou_1x1_bc-tyc_18041607_1h/q_learning_bucketed_no_phase_wait_vehicle/q_learning_training.csv,2000,,,,,,,,9.34722222222222,21.0,,,,,,,,,2000.0,-1857.1000000000008,-12.896527777777775,82.07987220447285,0.05,,,,,,,,,,,,,,,,
results/hangzhou_1x1_bc-tyc_18041607_1h/q_learning_bucketed_with_phase_default_reward/q_learning_trace.csv,144,,,-42.0,42.0,62.0,93.41214057507987,,,,143.0,720.0,3.0,4.0,0.0,3.0,3.0,2.0,,,,,,3.0,,,,,,,,,,,,,,,
results/hangzhou_1x1_bc-tyc_18041607_1h/q_learning_bucketed_with_phase_default_reward/q_learning_training.csv,2000,,,,,,,,21.9375,47.0,,,,,,,,,2000.0,-3159.0,-21.9375,112.78274760383388,0.05,,,,,,,,,,,,,,,,
results/hangzhou_1x1_bc-tyc_18041607_1h/q_learning_bucketed_with_phase_delta_wait/q_learning_trace.csv,144,,,-1.0,7.0,33.0,69.74760383386581,,,,143.0,720.0,7.0,8.0,0.0,2.0,0.0,2.0,,,,,,7.0,,,,,,,,,,,,,,,
results/hangzhou_1x1_bc-tyc_18041607_1h/q_learning_bucketed_with_phase_delta_wait/q_learning_training.csv,2000,,,,,,,,4.270833333333333,7.0,,,,,,,,,2000.0,-7.0,-0.0486111111111111,70.65495207667732,0.05,,,,,,,,,,,,,,,,
results/hangzhou_1x1_bc-tyc_18041607_1h/q_learning_bucketed_with_phase_wait_small_vehicle/q_learning_trace.csv,144,,,-24.3,22.0,46.0,87.19808306709265,,,,143.0,720.0,0.0,1.0,0.0,4.0,3.0,2.0,,,,,,0.0,,,,,,,,,,,,,,,
results/hangzhou_1x1_bc-tyc_18041607_1h/q_learning_bucketed_with_phase_wait_small_vehicle/q_learning_training.csv,2000,,,,,,,,11.131944444444445,16.0,,,,,,,,,2000.0,-1879.0499999999995,-13.048958333333331,88.6773162939297,0.05,,,,,,,,,,,,,,,,
results/hangzhou_1x1_bc-tyc_18041607_1h/q_learning_bucketed_with_phase_wait_vehicle/q_learning_trace.csv,144,,,-55.6,47.0,86.0,121.52396166134186,,,,143.0,720.0,3.0,4.0,3.0,3.0,3.0,4.0,,,,,,3.0,,,,,,,,,,,,,,,
results/hangzhou_1x1_bc-tyc_18041607_1h/q_learning_bucketed_with_phase_wait_vehicle/q_learning_training.csv,2000,,,,,,,,11.15972222222222,21.0,,,,,,,,,2000.0,-2145.1999999999994,-14.89722222222222,86.36741214057508,0.05,,,,,,,,,,,,,,,,
results/hangzhou_1x1_bc-tyc_18041607_1h/q_learning_capped_no_phase_default_reward/q_learning_trace.csv,144,,,-40.0,40.0,63.0,93.3035143769968,,,,143.0,720.0,0.0,1.0,,,,,,,,,,,0.0,10.0,10.0,10.0,,,,,,,,,,,
results/hangzhou_1x1_bc-tyc_18041607_1h/q_learning_capped_no_phase_default_reward/q_learning_training.csv,2000,,,,,,,,14.88888888888889,41.0,,,,,,,,,2000.0,-2144.0,-14.88888888888889,94.07987220447284,0.05,,,,,,,,,,,,,,,,
results/hangzhou_1x1_bc-tyc_18041607_1h/q_learning_capped_no_phase_delta_wait/q_learning_trace.csv,144,,,0.0,5.0,28.0,66.85303514376997,,,,143.0,720.0,7.0,8.0,,,,,,,,,,,0.0,3.0,0.0,2.0,,,,,,,,,,,
results/hangzhou_1x1_bc-tyc_18041607_1h/q_learning_capped_no_phase_delta_wait/q_learning_training.csv,2000,,,,,,,,3.4791666666666665,8.0,,,,,,,,,2000.0,-8.0,-0.0555555555555555,67.36421725239616,0.05,,,,,,,,,,,,,,,,
results/hangzhou_1x1_bc-tyc_18041607_1h/q_learning_capped_no_phase_wait_small_vehicle/q_learning_trace.csv,144,,,-31.95,29.0,59.0,94.0,,,,143.0,720.0,7.0,8.0,,,,,,,,,,,5.0,10.0,2.0,7.0,,,,,,,,,,,
results/hangzhou_1x1_bc-tyc_18041607_1h/q_learning_capped_no_phase_wait_small_vehicle/q_learning_training.csv,2000,,,,,,,,19.375,29.0,,,,,,,,,2000.0,-3127.649999999999,-21.719791666666666,108.185303514377,0.05,,,,,,,,,,,,,,,,
results/hangzhou_1x1_bc-tyc_18041607_1h/q_learning_capped_no_phase_wait_vehicle/q_learning_trace.csv,144,,,-38.7,33.0,57.0,95.3929712460064,,,,143.0,720.0,7.0,8.0,,,,,,,,,,,5.0,10.0,3.0,10.0,,,,,,,,,,,
results/hangzhou_1x1_bc-tyc_18041607_1h/q_learning_capped_no_phase_wait_vehicle/q_learning_training.csv,2000,,,,,,,,16.333333333333332,40.0,,,,,,,,,2000.0,-2955.7000000000003,-20.525694444444447,96.75079872204472,0.05,,,,,,,,,,,,,,,,
results/hangzhou_1x1_bc-tyc_18041607_1h/q_learning_capped_with_phase_default_reward/q_learning_trace.csv,144,,,-30.0,30.0,75.0,130.33865814696486,,,,143.0,720.0,0.0,1.0,,,,,,,,,,,0.0,10.0,8.0,7.0,0.0,,,,,,,,,,
results/hangzhou_1x1_bc-tyc_18041607_1h/q_learning_capped_with_phase_default_reward/q_learning_training.csv,2000,,,,,,,,18.645833333333332,28.0,,,,,,,,,2000.0,-2685.0,-18.645833333333332,106.57827476038338,0.05,,,,,,,,,,,,,,,,
results/hangzhou_1x1_bc-tyc_18041607_1h/q_learning_capped_with_phase_delta_wait/q_learning_trace.csv,144,,,-2.0,7.0,37.0,69.34504792332268,,,,143.0,720.0,3.0,4.0,,,,,,,,,,,0.0,2.0,2.0,3.0,3.0,,,,,,,,,,
results/hangzhou_1x1_bc-tyc_18041607_1h/q_learning_capped_with_phase_delta_wait/q_learning_training.csv,2000,,,,,,,,4.083333333333333,12.0,,,,,,,,,2000.0,-12.0,-0.0833333333333333,69.370607028754,0.05,,,,,,,,,,,,,,,,
results/hangzhou_1x1_bc-tyc_18041607_1h/q_learning_capped_with_phase_wait_small_vehicle/q_learning_trace.csv,144,,,-69.2,65.0,84.0,132.44089456869008,,,,143.0,720.0,1.0,2.0,,,,,,,,,,,1.0,10.0,10.0,5.0,1.0,,,,,,,,,,
results/hangzhou_1x1_bc-tyc_18041607_1h/q_learning_capped_with_phase_wait_small_vehicle/q_learning_training.csv,2000,,,,,,,,14.541666666666666,25.0,,,,,,,,,2000.0,-2396.2499999999995,-16.640625,96.98083067092652,0.05,,,,,,,,,,,,,,,,
results/hangzhou_1x1_bc-tyc_18041607_1h/q_learning_capped_with_phase_wait_vehicle/q_learning_trace.csv,144,,,-30.6,25.0,56.0,99.92012779552716,,,,143.0,720.0,3.0,4.0,,,,,,,,,,,0.0,7.0,10.0,7.0,3.0,,,,,,,,,,
results/hangzhou_1x1_bc-tyc_18041607_1h/q_learning_capped_with_phase_wait_vehicle/q_learning_training.csv,2000,,,,,,,,14.53472222222222,16.0,,,,,,,,,2000.0,-2698.0,-18.73611111111111,97.01916932907348,0.05,,,,,,,,,,,,,,,,
results/hangzhou_1x1_bc-tyc_18041608_1h/hangzhou_comparison/comparison_single_run.csv,17,,,,,,95.48228583141989,-6894.0,47.875,62.0,,,,,,,,,,,,,,,,,,,,,,,,,,,,,
results/hangzhou_1x1_bc-tyc_18041608_1h/q_learning_bucketed_no_phase_default_reward/q_learning_trace.csv,144,,,-63.0,63.0,103.0,155.8045738045738,,,,143.0,720.0,7.0,8.0,3.0,4.0,0.0,1.0,,,,,,,,,,,,,,,,,,,,,
results/hangzhou_1x1_bc-tyc_18041608_1h/q_learning_bucketed_no_phase_default_reward/q_learning_training.csv,2000,,,,,,,,35.97222222222222,64.0,,,,,,,,,2000.0,-5180.0,-35.97222222222222,134.54261954261955,0.05,,,,,,,,,,,,,,,,
results/hangzhou_1x1_bc-tyc_18041608_1h/q_learning_bucketed_no_phase_delta_wait/training.csv,2000,,,,,,,,,36.0,,,,,,,,,2000.0,-36.0,,104.47817047817048,0.05,,,,,,,,,,,,,,,,
results/hangzhou_1x1_bc-tyc_18041608_1h/q_learning_bucketed_no_phase_wait_small_vehicle/q_learning_trace.csv,144,,,-61.1,56.0,102.0,124.57172557172557,,,,143.0,720.0,6.0,7.0,4.0,3.0,2.0,0.0,,,,,,,,,,,,,,,,,,,,,
results/hangzhou_1x1_bc-tyc_18041608_1h/q_learning_bucketed_no_phase_wait_small_vehicle/q_learning_training.csv,2000,,,,,,,,46.951388888888886,54.0,,,,,,,,,2000.0,-7376.0499999999965,-51.22256944444444,156.22037422037425,0.05,,,,,,,,,,,,,,,,
results/hangzhou_1x1_bc-tyc_18041608_1h/q_learning_bucketed_no_phase_wait_vehicle/q_learning_trace.csv,144,,,-115.3,102.0,133.0,148.59667359667358,,,,143.0,720.0,3.0,4.0,4.0,3.0,3.0,1.0,,,,,,,,,,,,,,,,,,,,,
results/hangzhou_1x1_bc-tyc_18041608_1h/q_learning_bucketed_no_phase_wait_vehicle/q_learning_training.csv,2000,,,,,,,,42.55555555555556,63.0,,,,,,,,,2000.0,-7297.300000000004,-50.675694444444446,152.40332640332642,0.05,,,,,,,,,,,,,,,,
results/hangzhou_1x1_bc-tyc_18041608_1h/q_learning_bucketed_with_phase_default_reward/q_learning_trace.csv,144,,,-40.0,40.0,88.0,144.6070686070686,,,,143.0,720.0,6.0,7.0,3.0,3.0,3.0,1.0,,,,,,6.0,,,,,,,,,,,,,,,
results/hangzhou_1x1_bc-tyc_18041608_1h/q_learning_bucketed_with_phase_default_reward/q_learning_training.csv,2000,,,,,,,,42.21527777777778,38.0,,,,,,,,,2000.0,-6079.0,-42.21527777777778,153.8066528066528,0.05,,,,,,,,,,,,,,,,
results/hangzhou_1x1_bc-tyc_18041608_1h/q_learning_bucketed_with_phase_delta_wait/q_learning_trace.csv,144,,,1.0,42.0,93.0,116.0914760914761,,,,143.0,720.0,0.0,1.0,3.0,3.0,3.0,2.0,,,,,,0.0,,,,,,,,,,,,,,,
results/hangzhou_1x1_bc-tyc_18041608_1h/q_learning_bucketed_with_phase_delta_wait/q_learning_training.csv,2000,,,,,,,,28.208333333333332,32.0,,,,,,,,,2000.0,-32.0,-0.2222222222222222,125.42619542619542,0.05,,,,,,,,,,,,,,,,
results/hangzhou_1x1_bc-tyc_18041608_1h/q_learning_bucketed_with_phase_wait_small_vehicle/q_learning_trace.csv,144,,,-40.35,35.0,107.0,161.7920997920998,,,,143.0,720.0,1.0,2.0,4.0,4.0,2.0,2.0,,,,,,1.0,,,,,,,,,,,,,,,
results/hangzhou_1x1_bc-tyc_18041608_1h/q_learning_bucketed_with_phase_wait_small_vehicle/q_learning_training.csv,2000,,,,,,,,44.979166666666664,79.0,,,,,,,,,2000.0,-7094.750000000001,-49.26909722222222,150.86070686070687,0.05,,,,,,,,,,,,,,,,
results/hangzhou_1x1_bc-tyc_18041608_1h/q_learning_bucketed_with_phase_wait_vehicle/q_learning_trace.csv,144,,,-63.1,53.0,101.0,141.75467775467774,,,,143.0,720.0,7.0,8.0,4.0,3.0,1.0,1.0,,,,,,7.0,,,,,,,,,,,,,,,
results/hangzhou_1x1_bc-tyc_18041608_1h/q_learning_bucketed_with_phase_wait_vehicle/q_learning_training.csv,2000,,,,,,,,48.666666666666664,57.0,,,,,,,,,2000.0,-8194.500000000002,-56.90625,177.86278586278587,0.05,,,,,,,,,,,,,,,,
results/hangzhou_1x1_bc-tyc_18041608_1h/q_learning_capped_no_phase_default_reward/q_learning_trace.csv,144,,,-51.0,51.0,96.0,153.78794178794178,,,,143.0,720.0,5.0,6.0,,,,,,,,,,,8.0,10.0,5.0,4.0,,,,,,,,,,,
results/hangzhou_1x1_bc-tyc_18041608_1h/q_learning_capped_no_phase_default_reward/q_learning_training.csv,2000,,,,,,,,40.02777777777778,50.0,,,,,,,,,2000.0,-5764.0,-40.02777777777778,159.43243243243242,0.05,,,,,,,,,,,,,,,,
results/hangzhou_1x1_bc-tyc_18041608_1h/q_learning_capped_no_phase_delta_wait/q_learning_trace.csv,144,,,3.0,38.0,95.0,117.76091476091476,,,,143.0,720.0,1.0,2.0,,,,,,,,,,,10.0,10.0,8.0,3.0,,,,,,,,,,,
results/hangzhou_1x1_bc-tyc_18041608_1h/q_learning_capped_no_phase_delta_wait/q_learning_training.csv,2000,,,,,,,,26.9375,37.0,,,,,,,,,2000.0,-37.0,-0.2569444444444444,113.8108108108108,0.05,,,,,,,,,,,,,,,,
results/hangzhou_1x1_bc-tyc_18041608_1h/q_learning_capped_no_phase_wait_small_vehicle/q_learning_trace.csv,144,,,-50.75,46.0,95.0,139.45738045738045,,,,143.0,720.0,7.0,8.0,,,,,,,,,,,10.0,10.0,0.0,3.0,,,,,,,,,,,
results/hangzhou_1x1_bc-tyc_18041608_1h/q_learning_capped_no_phase_wait_small_vehicle/q_learning_training.csv,2000,,,,,,,,36.49305555555556,41.0,,,,,,,,,2000.0,-5794.799999999999,-40.24166666666667,152.13097713097713,0.05,,,,,,,,,,,,,,,,
results/hangzhou_1x1_bc-tyc_18041608_1h/q_learning_capped_no_phase_wait_vehicle/q_learning_trace.csv,144,,,-54.2,45.0,92.0,154.3014553014553,,,,143.0,720.0,1.0,2.0,,,,,,,,,,,6.0,10.0,0.0,7.0,,,,,,,,,,,
results/hangzhou_1x1_bc-tyc_18041608_1h/q_learning_capped_no_phase_wait_vehicle/q_learning_training.csv,2000,,,,,,,,43.65277777777778,64.0,,,,,,,,,2000.0,-7455.999999999999,-51.77777777777778,162.12889812889813,0.05,,,,,,,,,,,,,,,,
results/hangzhou_1x1_bc-tyc_18041608_1h/q_learning_capped_with_phase_default_reward/q_learning_trace.csv,144,,,-52.0,52.0,103.0,154.8170478170478,,,,143.0,720.0,5.0,6.0,,,,,,,,,,,3.0,10.0,10.0,0.0,5.0,,,,,,,,,,
results/hangzhou_1x1_bc-tyc_18041608_1h/q_learning_capped_with_phase_default_reward/q_learning_training.csv,2000,,,,,,,,46.90277777777778,69.0,,,,,,,,,2000.0,-6754.0,-46.90277777777778,163.54677754677755,0.05,,,,,,,,,,,,,,,,
results/hangzhou_1x1_bc-tyc_18041608_1h/q_learning_capped_with_phase_delta_wait/q_learning_trace.csv,144,,,1.0,39.0,94.0,117.96673596673595,,,,143.0,720.0,0.0,1.0,,,,,,,,,,,10.0,10.0,9.0,3.0,0.0,,,,,,,,,,
results/hangzhou_1x1_bc-tyc_18041608_1h/q_learning_capped_with_phase_delta_wait/q_learning_training.csv,2000,,,,,,,,26.46527777777778,41.0,,,,,,,,,2000.0,-41.0,-0.2847222222222222,118.35966735966736,0.05,,,,,,,,,,,,,,,,
results/hangzhou_1x1_bc-tyc_18041608_1h/q_learning_capped_with_phase_wait_small_vehicle/q_learning_trace.csv,144,,,-47.4,42.0,108.0,176.8066528066528,,,,143.0,720.0,7.0,8.0,,,,,,,,,,,7.0,10.0,7.0,8.0,7.0,,,,,,,,,,
results/hangzhou_1x1_bc-tyc_18041608_1h/q_learning_capped_with_phase_wait_small_vehicle/q_learning_training.csv,2000,,,,,,,,49.80555555555556,71.0,,,,,,,,,2000.0,-7802.399999999999,-54.18333333333333,170.67983367983368,0.05,,,,,,,,,,,,,,,,
results/hangzhou_1x1_bc-tyc_18041608_1h/q_learning_capped_with_phase_wait_vehicle/q_learning_trace.csv,144,,,-73.7,62.0,117.0,167.45114345114345,,,,143.0,720.0,2.0,3.0,,,,,,,,,,,7.0,10.0,10.0,6.0,2.0,,,,,,,,,,
results/hangzhou_1x1_bc-tyc_18041608_1h/q_learning_capped_with_phase_wait_vehicle/q_learning_training.csv,2000,,,,,,,,51.22222222222222,51.0,,,,,,,,,2000.0,-8632.599999999995,-59.9486111111111,177.2037422037422,0.05,,,,,,,,,,,,,,,,
results/hangzhou_1x1_bc-tyc_18041610_1h/hangzhou_comparison/comparison_single_run.csv,17,,,,,,94.94383072750855,-5590.0,38.81944444444444,40.0,,,,,,,,,,,,,,,,,,,,,,,,,,,,,
results/hangzhou_1x1_bc-tyc_18041610_1h/q_learning_bucketed_no_phase_default_reward/q_learning_trace.csv,144,,,-57.0,57.0,99.0,132.1990171990172,,,,143.0,720.0,0.0,1.0,2.0,4.0,0.0,4.0,,,,,,,,,,,,,,,,,,,,,
results/hangzhou_1x1_bc-tyc_18041610_1h/q_learning_bucketed_no_phase_default_reward/q_learning_training.csv,2000,,,,,,,,14.055555555555555,39.0,,,,,,,,,2000.0,-2024.0,-14.055555555555555,86.13513513513513,0.05,,,,,,,,,,,,,,,,
results/hangzhou_1x1_bc-tyc_18041610_1h/q_learning_bucketed_no_phase_delta_wait/training.csv,2000,,,,,,,,,23.0,,,,,,,,,2000.0,-23.0,,88.17936117936118,0.05,,,,,,,,,,,,,,,,
results/hangzhou_1x1_bc-tyc_18041610_1h/q_learning_bucketed_no_phase_wait_small_vehicle/q_learning_trace.csv,144,,,-55.3,51.0,86.0,106.77149877149876,,,,143.0,720.0,4.0,5.0,3.0,2.0,3.0,4.0,,,,,,,,,,,,,,,,,,,,,
results/hangzhou_1x1_bc-tyc_18041610_1h/q_learning_bucketed_no_phase_wait_small_vehicle/q_learning_training.csv,2000,,,,,,,,24.88888888888889,49.0,,,,,,,,,2000.0,-4015.8999999999983,-27.88819444444444,107.29729729729728,0.05,,,,,,,,,,,,,,,,
results/hangzhou_1x1_bc-tyc_18041610_1h/q_learning_bucketed_no_phase_wait_vehicle/q_learning_trace.csv,144,,,-54.5,45.0,95.0,124.1891891891892,,,,143.0,720.0,3.0,4.0,4.0,3.0,2.0,4.0,,,,,,,,,,,,,,,,,,,,,
results/hangzhou_1x1_bc-tyc_18041610_1h/q_learning_bucketed_no_phase_wait_vehicle/q_learning_training.csv,2000,,,,,,,,24.65277777777778,51.0,,,,,,,,,2000.0,-4426.6,-30.74027777777778,108.992628992629,0.05,,,,,,,,,,,,,,,,
results/hangzhou_1x1_bc-tyc_18041610_1h/q_learning_bucketed_with_phase_default_reward/q_learning_trace.csv,144,,,-56.0,56.0,93.0,129.76658476658477,,,,143.0,720.0,5.0,6.0,3.0,4.0,4.0,0.0,,,,,,5.0,,,,,,,,,,,,,,,
results/hangzhou_1x1_bc-tyc_18041610_1h/q_learning_bucketed_with_phase_default_reward/q_learning_training.csv,2000,,,,,,,,32.548611111111114,41.0,,,,,,,,,2000.0,-4687.0,-32.548611111111114,122.72727272727272,0.05,,,,,,,,,,,,,,,,
results/hangzhou_1x1_bc-tyc_18041610_1h/q_learning_bucketed_with_phase_delta_wait/q_learning_trace.csv,144,,,3.0,12.0,59.0,91.45945945945944,,,,143.0,720.0,0.0,1.0,2.0,3.0,1.0,1.0,,,,,,0.0,,,,,,,,,,,,,,,
results/hangzhou_1x1_bc-tyc_18041610_1h/q_learning_bucketed_with_phase_delta_wait/q_learning_training.csv,2000,,,,,,,,16.1875,24.0,,,,,,,,,2000.0,-24.0,-0.1666666666666666,95.90417690417692,0.05,,,,,,,,,,,,,,,,
results/hangzhou_1x1_bc-tyc_18041610_1h/q_learning_bucketed_with_phase_wait_small_vehicle/q_learning_trace.csv,144,,,-71.45,66.0,109.0,142.76412776412778,,,,143.0,720.0,0.0,1.0,1.0,4.0,3.0,0.0,,,,,,0.0,,,,,,,,,,,,,,,
results/hangzhou_1x1_bc-tyc_18041610_1h/q_learning_bucketed_with_phase_wait_small_vehicle/q_learning_training.csv,2000,,,,,,,,31.979166666666668,56.0,,,,,,,,,2000.0,-5098.250000000001,-35.404513888888886,123.8992628992629,0.05,,,,,,,,,,,,,,,,
results/hangzhou_1x1_bc-tyc_18041610_1h/q_learning_bucketed_with_phase_wait_vehicle/q_learning_trace.csv,144,,,-80.8,69.0,118.0,129.83538083538085,,,,143.0,720.0,2.0,3.0,4.0,4.0,3.0,1.0,,,,,,2.0,,,,,,,,,,,,,,,
results/hangzhou_1x1_bc-tyc_18041610_1h/q_learning_bucketed_with_phase_wait_vehicle/q_learning_training.csv,2000,,,,,,,,33.673611111111114,44.0,,,,,,,,,2000.0,-5823.699999999999,-40.44236111111111,127.87714987714988,0.05,,,,,,,,,,,,,,,,
results/hangzhou_1x1_bc-tyc_18041610_1h/q_learning_capped_no_phase_default_reward/q_learning_trace.csv,144,,,-48.0,48.0,103.0,135.52334152334151,,,,143.0,720.0,0.0,1.0,,,,,,,,,,,7.0,10.0,10.0,4.0,,,,,,,,,,,
results/hangzhou_1x1_bc-tyc_18041610_1h/q_learning_capped_no_phase_default_reward/q_learning_training.csv,2000,,,,,,,,32.09722222222222,62.0,,,,,,,,,2000.0,-4622.0,-32.09722222222222,121.93857493857494,0.05,,,,,,,,,,,,,,,,
results/hangzhou_1x1_bc-tyc_18041610_1h/q_learning_capped_no_phase_delta_wait/q_learning_trace.csv,144,,,2.0,18.0,59.0,83.46191646191646,,,,143.0,720.0,4.0,5.0,,,,,,,,,,,1.0,10.0,0.0,7.0,,,,,,,,,,,
results/hangzhou_1x1_bc-tyc_18041610_1h/q_learning_capped_no_phase_delta_wait/q_learning_training.csv,2000,,,,,,,,10.9375,20.0,,,,,,,,,2000.0,-20.0,-0.1388888888888889,83.62162162162163,0.05,,,,,,,,,,,,,,,,
results/hangzhou_1x1_bc-tyc_18041610_1h/q_learning_capped_no_phase_wait_small_vehicle/q_learning_trace.csv,144,,,-65.25,60.0,105.0,126.4987714987715,,,,143.0,720.0,7.0,8.0,,,,,,,,,,,10.0,6.0,9.0,10.0,,,,,,,,,,,
results/hangzhou_1x1_bc-tyc_18041610_1h/q_learning_capped_no_phase_wait_small_vehicle/q_learning_training.csv,2000,,,,,,,,31.055555555555557,50.0,,,,,,,,,2000.0,-4963.3,-34.46736111111111,122.14742014742016,0.05,,,,,,,,,,,,,,,,
results/hangzhou_1x1_bc-tyc_18041610_1h/q_learning_capped_no_phase_wait_vehicle/q_learning_trace.csv,144,,,-64.5,54.0,105.0,139.5896805896806,,,,143.0,720.0,7.0,8.0,,,,,,,,,,,10.0,10.0,4.0,10.0,,,,,,,,,,,
results/hangzhou_1x1_bc-tyc_18041610_1h/q_learning_capped_no_phase_wait_vehicle/q_learning_training.csv,2000,,,,,,,,28.61111111111111,47.0,,,,,,,,,2000.0,-5044.4000000000015,-35.03055555555556,116.45454545454544,0.05,,,,,,,,,,,,,,,,
results/hangzhou_1x1_bc-tyc_18041610_1h/q_learning_capped_with_phase_default_reward/q_learning_trace.csv,144,,,-56.0,56.0,106.0,135.74938574938574,,,,143.0,720.0,3.0,4.0,,,,,,,,,,,10.0,10.0,1.0,10.0,3.0,,,,,,,,,,
results/hangzhou_1x1_bc-tyc_18041610_1h/q_learning_capped_with_phase_default_reward/q_learning_training.csv,2000,,,,,,,,35.8125,53.0,,,,,,,,,2000.0,-5157.0,-35.8125,130.92137592137593,0.05,,,,,,,,,,,,,,,,
results/hangzhou_1x1_bc-tyc_18041610_1h/q_learning_capped_with_phase_delta_wait/q_learning_trace.csv,144,,,-2.0,27.0,60.0,82.54545454545455,,,,143.0,720.0,2.0,3.0,,,,,,,,,,,6.0,10.0,2.0,6.0,2.0,,,,,,,,,,
results/hangzhou_1x1_bc-tyc_18041610_1h/q_learning_capped_with_phase_delta_wait/q_learning_training.csv,2000,,,,,,,,15.34722222222222,26.0,,,,,,,,,2000.0,-26.0,-0.1805555555555555,93.25552825552826,0.05,,,,,,,,,,,,,,,,
results/hangzhou_1x1_bc-tyc_18041610_1h/q_learning_capped_with_phase_wait_small_vehicle/q_learning_trace.csv,144,,,-72.95,67.0,119.0,141.4176904176904,,,,143.0,720.0,6.0,7.0,,,,,,,,,,,10.0,10.0,10.0,7.0,6.0,,,,,,,,,,
results/hangzhou_1x1_bc-tyc_18041610_1h/q_learning_capped_with_phase_wait_small_vehicle/q_learning_training.csv,2000,,,,,,,,36.38194444444444,68.0,,,,,,,,,2000.0,-5749.7999999999965,-39.92916666666666,129.61670761670763,0.05,,,,,,,,,,,,,,,,
results/hangzhou_1x1_bc-tyc_18041610_1h/q_learning_capped_with_phase_wait_vehicle/q_learning_trace.csv,144,,,-49.1,40.0,91.0,138.85012285012286,,,,143.0,720.0,0.0,1.0,,,,,,,,,,,10.0,10.0,2.0,9.0,0.0,,,,,,,,,,
results/hangzhou_1x1_bc-tyc_18041610_1h/q_learning_capped_with_phase_wait_vehicle/q_learning_training.csv,2000,,,,,,,,35.020833333333336,56.0,,,,,,,,,2000.0,-6078.600000000001,-42.2125,130.35135135135135,0.05,,,,,,,,,,,,,,,,
results/hangzhou_comparison/comparison_all_datasets.csv,51,,,,,,94.94383072750855,-5590.0,38.81944444444444,40.0,,,,,,,,,,,,,,,,,,,,,,,,,,,,,
results/hangzhou_comparison/comparison_single_run.csv,17,,,,,,74.6358988011127,-2315.0,16.07638888888889,25.0,,,,,,,,,,,,,,,,,,,,,,,,,,,,,
results/q_learning_bucketed_no_phase_default_reward/summary_all_datasets.csv,3,,,,,,,,36.61805555555556,57.0,,,,,,,,,,-5273.0,,132.1990171990172,,,,,,,,144.0,,,,,,,,,
results/q_learning_bucketed_no_phase_delta_wait/summary_all_datasets.csv,3,,,,,,,,,14.0,,,,,,,,,,-14.0,,85.37592137592138,,,,,,,,,,,,,,,,,
results/q_learning_bucketed_no_phase_wait_small_vehicle/summary_all_datasets.csv,3,,,,,,,,24.90277777777778,51.0,,,,,,,,,,-4015.699999999999,,106.77149877149876,,,,,,,,144.0,,,,,,,,,
results/q_learning_bucketed_no_phase_wait_vehicle/summary_all_datasets.csv,3,,,,,,,,31.958333333333332,45.0,,,,,,,,,,-5558.3,,124.1891891891892,,,,,,,,144.0,,,,,,,,,
results/q_learning_bucketed_with_phase_default_reward/summary_all_datasets.csv,3,,,,,,,,31.97222222222222,56.0,,,,,,,,,,-4604.0,,129.76658476658477,,,,,,,,144.0,,,,,,,,,
results/q_learning_bucketed_with_phase_delta_wait/summary_all_datasets.csv,3,,,,,,,,13.555555555555555,12.0,,,,,,,,,,-12.0,,91.45945945945944,,,,,,,,144.0,,,,,,,,,
results/q_learning_bucketed_with_phase_wait_small_vehicle/summary_all_datasets.csv,3,,,,,,,,41.47222222222222,66.0,,,,,,,,,,-6522.050000000003,,142.76412776412778,,,,,,,,144.0,,,,,,,,,
results/q_learning_bucketed_with_phase_wait_vehicle/summary_all_datasets.csv,3,,,,,,,,36.486111111111114,69.0,,,,,,,,,,-6293.399999999999,,129.83538083538085,,,,,,,,144.0,,,,,,,,,
results/q_learning_capped_no_phase_default_reward/summary_all_datasets.csv,3,,,,,,,,38.03472222222222,48.0,,,,,,,,,,-5477.0,,135.52334152334151,,,,,,,,144.0,,,,,,,,,
results/q_learning_capped_no_phase_delta_wait/summary_all_datasets.csv,3,,,,,,,,11.38888888888889,18.0,,,,,,,,,,-18.0,,83.46191646191646,,,,,,,,144.0,,,,,,,,,
results/q_learning_capped_no_phase_wait_small_vehicle/summary_all_datasets.csv,3,,,,,,,,34.94444444444444,60.0,,,,,,,,,,-5518.100000000001,,126.4987714987715,,,,,,,,144.0,,,,,,,,,
results/q_learning_capped_no_phase_wait_vehicle/summary_all_datasets.csv,3,,,,,,,,37.61805555555556,54.0,,,,,,,,,,-6462.4,,139.5896805896806,,,,,,,,144.0,,,,,,,,,
results/q_learning_capped_with_phase_default_reward/summary_all_datasets.csv,3,,,,,,,,39.326388888888886,56.0,,,,,,,,,,-5663.0,,135.74938574938574,,,,,,,,144.0,,,,,,,,,
results/q_learning_capped_with_phase_delta_wait/summary_all_datasets.csv,3,,,,,,,,10.875,27.0,,,,,,,,,,-27.0,,82.54545454545455,,,,,,,,144.0,,,,,,,,,
results/q_learning_capped_with_phase_wait_small_vehicle/summary_all_datasets.csv,3,,,,,,,,41.701388888888886,67.0,,,,,,,,,,-6566.650000000001,,141.4176904176904,,,,,,,,144.0,,,,,,,,,
results/q_learning_capped_with_phase_wait_vehicle/summary_all_datasets.csv,3,,,,,,,,38.81944444444444,40.0,,,,,,,,,,-6673.099999999999,,138.85012285012286,,,,,,,,144.0,,,,,,,,,
results/reward_experiments/comparison_delta_wait.csv,40,,,,,,,,72.65,158.0,,,,,,,,,,-158.0,,60.69375,,,,,,,,40.0,20.0,,,,,,,,
results/reward_experiments/comparison_wait_only.csv,40,,,,,,,,72.95,153.0,,,,,,,,,,-2918.0,,60.98125,,,,,,,,40.0,20.0,,,,,,,,
results/reward_experiments/comparison_wait_small_vehicle.csv,40,,,,,,,,73.2,158.0,,,,,,,,,,-3217.65,,60.97708333333333,,,,,,,,40.0,20.0,,,,,,,,
results/reward_experiments/comparison_wait_vehicle.csv,40,,,,,,,,73.1,156.0,,,,,,,,,,-3503.0000000000005,,61.02708333333333,,,,,,,,40.0,20.0,,,,,,,,
results/reward_experiments/reward_experiments_summary.csv,4,,,,,,,,,,,,,,,,,,,,,,,,,,,,,,,-158.0,158.0,72.65000000000002,60.69374999999999,-151.0,151.0,72.09999999999998,60.44583333333335
results/reward_experiments/training_delta_wait.csv,2000,,,,,,,,72.475,153.0,,,,,,,,,2000.0,-153.0,-3.825,60.645833333333336,0.05,,,,,,,,,,,,,,,,
results/reward_experiments/training_wait_only.csv,2000,,,,,,,,73.2,153.0,,,,,,,,,2000.0,-2928.0,-73.2,61.104166666666664,0.05,,,,,,,,,,,,,,,,
results/reward_experiments/training_wait_small_vehicle.csv,2000,,,,,,,,72.825,156.0,,,,,,,,,2000.0,-3202.3,-80.0575,60.891666666666666,0.05,,,,,,,,,,,,,,,,
results/reward_experiments/training_wait_vehicle.csv,2000,,,,,,,,73.1,154.0,,,,,,,,,2000.0,-3503.2999999999993,-87.5825,61.02916666666667,0.05,,,,,,,,,,,,,,,,
results/stable_baselines/sb3_comparison.csv,3,,,,,,,,,,,,,,,,,,,,,,,,,,,,,,,-3675.9,208.0,90.17499999999998,65.06666666666665,,,,
results/stable_baselines/sb3_comparison_all_datasets_states_rewards.csv,144,,,,,,,,,,,,,,,,,,,,,,,,,,,,,,,-25.0,25.0,13.041666666666666,85.46191646191645,,,,
